manual_scenario,manual_min,rate_label,rate_eur_h,usable_scenario,usable_rate,manual_eur,genai_eur,saving_eur,saving_pct,breakeven_assets
fast,30,student,15,low,0.4,7.5,2.93,4.57,60.9,16.4
fast,30,student,15,base,0.71,7.5,1.64,5.86,78.1,12.8
fast,30,student,15,high,1.0,7.5,1.17,6.33,84.4,11.9
fast,30,freelancer,50,low,0.4,25.0,9.6,15.4,61.6,16.2
fast,30,freelancer,50,base,0.71,25.0,5.37,19.63,78.5,12.7
fast,30,freelancer,50,high,1.0,25.0,3.84,21.16,84.6,11.8
fast,30,agency,100,low,0.4,50.0,19.12,30.88,61.8,16.2
fast,30,agency,100,base,0.71,50.0,10.71,39.29,78.6,12.7
fast,30,agency,100,high,1.0,50.0,7.65,42.35,84.7,11.8
base,60,student,15,low,0.4,15.0,2.93,12.07,80.5,6.2
base,60,student,15,base,0.71,15.0,1.64,13.36,89.1,5.6
base,60,student,15,high,1.0,15.0,1.17,13.83,92.2,5.4
base,60,freelancer,50,low,0.4,50.0,9.6,40.4,80.8,6.2
base,60,freelancer,50,base,0.71,50.0,5.37,44.63,89.3,5.6
base,60,freelancer,50,high,1.0,50.0,3.84,46.16,92.3,5.4
base,60,agency,100,low,0.4,100.0,19.12,80.88,80.9,6.2
base,60,agency,100,base,0.71,100.0,10.71,89.29,89.3,5.6
base,60,agency,100,high,1.0,100.0,7.65,92.35,92.4,5.4
slow,120,student,15,low,0.4,30.0,2.93,27.07,90.2,2.8
slow,120,student,15,base,0.71,30.0,1.64,28.36,94.5,2.6
slow,120,student,15,high,1.0,30.0,1.17,28.83,96.1,2.6
slow,120,freelancer,50,low,0.4,100.0,9.6,90.4,90.4,2.8
slow,120,freelancer,50,base,0.71,100.0,5.37,94.63,94.6,2.6
slow,120,freelancer,50,high,1.0,100.0,3.84,96.16,96.2,2.6
slow,120,agency,100,low,0.4,200.0,19.12,180.88,90.4,2.8
slow,120,agency,100,base,0.71,200.0,10.71,189.29,94.6,2.6
slow,120,agency,100,high,1.0,200.0,7.65,192.35,96.2,2.6
