respondent,version,asset_id,quality,fit,click,ai_look,angle,ai_yes
R1,1,1,4,4,3,yes,rational,1
R1,1,2,4,4,2,yes,emotional,1
R1,1,3,3,4,4,yes,humorous,1
R1,1,4,5,5,3,yes,social,1
R1,1,5,4,5,3,yes,driven,1
R1,1,6,1,3,1,yes,rational,1
R1,1,7,2,3,2,yes,emotional,1
R2,1,1,3,5,3,yes,rational,1
R2,1,2,4,5,3,yes,emotional,1
R2,1,3,4,4,4,yes,humorous,1
R2,1,4,5,4,4,yes,social,1
R2,1,5,4,5,2,yes,driven,1
R2,1,6,2,3,2,not sure,rational,0
R2,1,7,2,2,2,not sure,emotional,0
R3,1,1,5,4,3,yes,rational,1
R3,1,2,5,4,3,yes,emotional,1
R3,1,3,3,4,4,yes,humorous,1
R3,1,4,4,5,5,yes,social,1
R3,1,5,5,5,3,yes,driven,1
R3,1,6,1,3,2,yes,rational,1
R3,1,7,2,2,1,yes,emotional,1
R4,1,1,4,4,3,yes,rational,1
R4,1,2,5,4,3,yes,emotional,1
R4,1,3,3,5,4,yes,humorous,1
R4,1,4,5,5,4,yes,social,1
R4,1,5,4,4,3,yes,driven,1
R4,1,6,2,3,2,yes,rational,1
R4,1,7,2,3,2,yes,emotional,1
R5,1,1,3,4,3,yes,rational,1
R5,1,2,4,5,2,yes,emotional,1
R5,1,3,4,4,4,yes,humorous,1
R5,1,4,5,4,4,yes,social,1
R5,1,5,4,5,3,yes,driven,1
R5,1,6,2,3,1,yes,rational,1
R5,1,7,1,2,2,yes,emotional,1
R6,1,1,4,3,2,yes,rational,1
R6,1,2,4,4,2,yes,emotional,1
R6,1,3,3,4,3,yes,humorous,1
R6,1,4,5,5,3,yes,social,1
R6,1,5,5,4,2,yes,driven,1
R6,1,6,1,3,1,not sure,rational,0
R6,1,7,2,2,1,yes,emotional,1
R7,1,1,5,4,4,yes,rational,1
R7,1,2,4,5,3,yes,emotional,1
R7,1,3,3,4,4,yes,humorous,1
R7,1,4,5,5,4,yes,social,1
R7,1,5,4,5,3,yes,driven,1
R7,1,6,2,3,2,yes,rational,1
R7,1,7,2,3,2,not sure,emotional,0
R8,2,1,3,4,3,yes,rational,1
R8,2,2,4,3,3,yes,emotional,1
R8,2,3,4,4,3,yes,humorous,1
R8,2,4,5,4,4,yes,social,1
R8,2,5,4,5,3,yes,driven,1
R8,2,6,2,3,1,not sure,rational,0
R8,2,7,2,3,2,not sure,emotional,0
R9,2,1,4,4,3,yes,rational,1
R9,2,2,5,4,3,yes,emotional,1
R9,2,3,3,4,4,yes,humorous,1
R9,2,4,4,5,4,yes,social,1
R9,2,5,5,4,3,yes,driven,1
R9,2,6,2,3,2,not sure,rational,0
R9,2,7,1,2,2,not sure,emotional,0
R10,2,1,4,4,3,yes,rational,1
R10,2,2,4,5,2,yes,emotional,1
R10,2,3,4,4,4,yes,humorous,1
R10,2,4,3,3,3,yes,social,1
R10,2,5,4,5,2,yes,driven,1
R10,2,6,1,3,2,yes,rational,1
R10,2,7,2,2,1,yes,emotional,1
R11,2,1,5,4,3,yes,rational,1
R11,2,2,5,4,3,yes,emotional,1
R11,2,3,3,4,4,yes,humorous,1
R11,2,4,4,5,5,yes,social,1
R11,2,5,3,4,3,yes,driven,1
R11,2,6,1,3,2,yes,rational,1
R11,2,7,2,3,2,not sure,emotional,0
R12,2,1,4,5,3,yes,rational,1
R12,2,2,4,4,3,yes,emotional,1
R12,2,3,4,5,4,yes,humorous,1
R12,2,4,4,4,4,yes,social,1
R12,2,5,4,5,3,yes,driven,1
R12,2,6,2,3,3,yes,rational,1
R12,2,7,3,3,2,yes,emotional,1
R13,2,1,2,3,3,yes,rational,1
R13,2,2,3,3,3,yes,emotional,1
R13,2,3,3,4,2,yes,humorous,1
R13,2,4,4,3,3,yes,social,1
R13,2,5,4,5,3,yes,driven,1
R13,2,6,3,4,2,yes,rational,1
R13,2,7,3,3,3,yes,emotional,1
R14,2,1,3,5,1,yes,rational,1
R14,2,2,4,4,1,yes,emotional,1
R14,2,3,3,4,1,yes,humorous,1
R14,2,4,3,4,2,yes,social,1
R14,2,5,3,3,1,yes,driven,1
R14,2,6,1,3,2,not sure,rational,0
R14,2,7,1,2,1,not sure,emotional,0